title,rate,num,info,director,actor,time,country,type
肖申克的救赎,9.7,2620022人,希望让人自由。,弗兰克·德拉邦特FrankDarabont,蒂姆·罗宾斯TimRobbins,1994,美国,犯罪
霸王别姬,9.6,1945391人,风华绝代。,陈凯歌KaigeChen,张国荣LeslieCheung,1993,中国大陆,剧情
阿甘正传,9.5,1969789人,一部美国近现代史。,罗伯特·泽米吉斯RobertZemeckis,汤姆·汉克斯TomHanks,1994,美国,剧情
泰坦尼克号,9.4,1930036人,失去的才是永恒的。 ,詹姆斯·卡梅隆JamesCameron,莱昂纳多·迪卡普里奥Leonardo,1997,美国,剧情
这个杀手不太冷,9.4,2121141人,怪蜀黍和小萝莉不得不说的故事。,吕克·贝松LucBesson,让·雷诺JeanReno,1994,法国,剧情
美丽人生,9.6,1210487人,最美的谎言。,罗伯托·贝尼尼RobertoBenigni,罗伯托·贝尼尼RobertoBeni,1997,意大利,剧情
千与千寻,9.4,2046309人,最好的宫崎骏，最好的久石让。 ,宫崎骏HayaoMiyazaki,柊瑠美RumiHîragi,2001,日本,剧情
辛德勒的名单,9.6,1009807人,拯救一个人，就是拯救整个世界。,史蒂文·斯皮尔伯格StevenSpielberg,连姆·尼森LiamNeeson,1993,美国,剧情
盗梦空间,9.4,1887666人,诺兰给了我们一场无法盗取的梦。,克里斯托弗·诺兰ChristopherNolan,莱昂纳多·迪卡普里奥Le,2010,美国,剧情
忠犬八公的故事,9.4,1291529人,永远都不能忘记你所爱的人。,莱塞·霍尔斯道姆LasseHallström,理查·基尔RichardGe,2009,美国,剧情
星际穿越,9.4,1578424人,爱是一种力量，让我们超越时空感知它的存在。,克里斯托弗·诺兰ChristopherNolan,马修·麦康纳MatthewMc,2014,美国,剧情
楚门的世界,9.3,1500971人,如果再也不能见到你，祝你早安，午安，晚安。,彼得·威尔PeterWeir,金·凯瑞JimCarrey,1998,美国,剧情
海上钢琴师,9.3,1535462人,每个人都要走一条自己坚定了的路，就算是粉身碎骨。 ,朱塞佩·托纳多雷GiuseppeTornatore,蒂姆·罗斯TimRoth,1998,意大利,剧情
三傻大闹宝莱坞,9.2,1712805人,英俊版憨豆，高情商版谢耳朵。,拉库马·希拉尼RajkumarHirani,阿米尔·汗AamirKhan,2009,印度,剧情
机器人总动员,9.3,1209003人,小瓦力，大人生。,安德鲁·斯坦顿AndrewStanton,本·贝尔特BenBurtt,2008,美国,科幻
放牛班的春天,9.3,1194724人,天籁一般的童声，是最接近上帝的存在。 ,克里斯托夫·巴拉蒂ChristopheBarratier,让-巴蒂斯特·莫尼,2004,法国,剧情
无间道,9.3,1212240人,香港电影史上永不过时的杰作。,刘伟强,刘德华,2002,中国香港,剧情
疯狂动物城,9.2,1725584人,迪士尼给我们营造的乌托邦就是这样，永远善良勇敢，永远出乎意料。,拜伦·霍华德ByronHoward,金妮弗·,2016,美国,喜剧
大话西游之大圣娶亲,9.2,1401871人,一生所爱。,刘镇伟JeffreyLau,周星驰StephenChow,1995,中国香港,喜剧
熔炉,9.3,853689人,我们一路奋战不是为了改变世界，而是为了不让世界改变我们。,黄东赫Dong-hyukHwang,孔侑YooGong,2011,韩国,剧情
控方证人,9.6,460700人,比利·怀德满分作品。,比利·怀尔德BillyWilder,泰隆·鲍华TyronePower,1957,美国,剧情
教父,9.3,869491人,千万不要记恨你的对手，这样会让你失去理智。,弗朗西斯·福特·科波拉FrancisFordCoppola,马龙·白兰度M,1972,美国,剧情
当幸福来敲门,9.2,1391712人,平民励志片。 ,加布里尔·穆奇诺GabrieleMuccino,威尔·史密斯WillSmith,2006,美国,剧情
触不可及,9.3,973290人,满满温情的高雅喜剧。,奥利维·那卡什OlivierNakache,演职人员不详,2011,法国,剧情
怦然心动,9.1,1667798人,真正的幸福是来自内心深处。,罗伯·莱纳RobReiner,玛德琳·卡罗尔MadelineCarroll,2010,美国,剧情
龙猫,9.2,1156211人,人人心中都有个龙猫，童年就永远不会消失。,宫崎骏HayaoMiyazaki,日高法子NorikoHidaka,1988,日本,动画
末代皇帝,9.3,777968人,“不要跟我比惨，我比你更惨”再适合这部电影不过了。,贝纳尔多·贝托鲁奇BernardoBertolucci,尊龙JohnLone,1987,英国,剧情
寻梦环游记,9.1,1487987人,死亡不是真的逝去，遗忘才是永恒的消亡。,李·昂克里奇LeeUnkrich,演职人员不详,2017,美国,喜剧
蝙蝠侠：黑暗骑士,9.2,963526人,无尽的黑暗。,克里斯托弗·诺兰ChristopherNolan,克里斯蒂安·贝尔Christ,2008,美国,剧情
活着,9.3,750231人,张艺谋最好的电影。,张艺谋YimouZhang,葛优YouGe,1994,中国大陆,剧情
哈利·波特与魔法石,9.1,1045912人,童话世界的开端。,ChrisColumbus,DanielRadcliffe,2001,美国,奇幻
指环王3：王者无敌,9.3,729133人,史诗的终章。,彼得·杰克逊PeterJackson,伊利亚·伍德ElijahWood,2003,美国,剧情
乱世佳人,9.3,629646人,Tomorrow is another day.,维克多·弗莱明VictorFleming,费,1939,美国,剧情
素媛,9.3,617921人,受过伤害的人总是笑得最开心，因为他们不愿意让身边的人承受一样的痛苦。,李濬益Jun-ikLee,薛景求Kyung-guSol,2013,韩国,剧情
飞屋环游记,9.1,1209803人,最后那些最无聊的事情，才是最值得怀念的。 ,彼特·道格特PeteDocter,爱德,2009,美国,剧情
摔跤吧！爸爸,9.0,1437555人,你不是在为你一个人战斗，你要让千千万万的女性看到女生并不是只能相夫教子。,涅提·蒂瓦里NiteshTiwari,阿米尔·汗AamirKhan,2016,印度,剧情
我不是药神,9.0,1916881人,对我们国家而言，这样的电影多一部是一部。,文牧野MuyeWen,徐峥ZhengXu,2018,中国大陆,剧情
何以为家,9.1,942846人,凝视卑弱生命，用电影改变命运。,娜丁·拉巴基NadineLabaki,扎因·拉费阿Zainal-Rafeea,2018,黎巴嫩,剧情
十二怒汉,9.4,433610人,1957年的理想主义。 ,SidneyLumet,亨利·方达HenryFonda,1957,美国,剧情
哈尔的移动城堡,9.1,916081人,带着心爱的人在天空飞翔。,宫崎骏HayaoMiyazaki,倍赏千惠子ChiekoBaishô,2004,日本,动画
少年派的奇幻漂流,9.1,1244721人,瑰丽壮观、无人能及的冒险之旅。,李安AngLee,苏拉·沙玛SurajSharma,2012,美国,剧情
鬼子来了,9.3,563959人,对敌人的仁慈，就是对自己残忍。,姜文WenJiang,姜文WenJiang,2000,中国大陆,剧情
大话西游之月光宝盒,9.0,1117834人,旷古烁今。,刘镇伟JeffreyLau,周星驰StephenChow,1995,中国香港,喜剧
猫鼠游戏,9.1,885306人,骗子大师和执著警探的你追我跑故事。 ,史蒂文·斯皮尔伯格StevenSpielberg,莱昂纳多·迪卡普里奥L,2002,美国,传记
天空之城,9.1,751073人,对天空的追逐，永不停止。 ,宫崎骏HayaoMiyazaki,田中真弓MayumiTanaka,1986,日本,动画
天堂电影院,9.2,629468人,那些吻戏，那些青春，都在影院的黑暗里被泪水冲刷得无比清晰。,朱塞佩·托纳多雷GiuseppeTornatore,菲利普·努瓦雷Philipp,1988,意大利,剧情
闻香识女人,9.1,793708人,史上最美的探戈。,马丁·布莱斯MartinBrest,阿尔·帕西诺AlPacino,1992,美国,剧情
指环王2：双塔奇兵,9.2,680784人,承前启后的史诗篇章。,彼得·杰克逊PeterJackson,伊利亚·伍德ElijahWood,2002,美国,剧情
钢琴家,9.3,547596人,音乐能化解仇恨。,罗曼·波兰斯基RomanPolanski,艾德里安·布洛迪AdrienBrod,2002,英国,剧情
让子弹飞,8.9,1519877人,你给我翻译翻译，神马叫做TMD的惊喜。,姜文WenJiang,姜文WenJiang,2010,中国大陆,剧情
罗马假日,9.1,877043人,爱情哪怕只有一天。,威廉·惠勒WilliamWyler,奥黛丽·赫本AudreyHepburn,1953,美国,喜剧
海蒂和爷爷,9.3,491449人,如果生活中有什么使你感到快乐，那就去做吧！不要管别人说什么。,阿兰·葛斯彭纳AlainGsponer,阿努克·斯特芬AnukSteffen,2015,德国,剧情
指环王1：护戒使者,9.1,769365人,传说的开始。,彼得·杰克逊PeterJackson,伊利亚·伍德ElijahWood,2001,新西兰,剧情
黑客帝国,9.1,766080人,视觉革命。,安迪·沃卓斯基AndyWachowski,演职人员不详,1999,美国,动作
大闹天宫,9.4,386217人,经典之作，历久弥新。,万籁鸣LaimingWan,邱岳峰YuefengQiu,1961(中国大陆),1964,剧情
教父2,9.2,492563人,优雅的孤独。,弗朗西斯·福特·科波拉FrancisFordCoppola,阿尔·帕西诺A,1974,美国,剧情
死亡诗社,9.1,641075人,当一个死水般的体制内出现一个活跃的变数时，所有的腐臭都站在了光明的对面。,彼得·威尔PeterWeir,罗宾·威廉姆斯RobinWilliams,1989,美国,剧情
辩护人,9.2,542483人,电影的现实意义大过电影本身。,杨宇硕Woo-seokYang,宋康昊Kang-hoSong,2013,韩国,剧情
狮子王,9.1,758213人,动物版《哈姆雷特》。,RogerAllers,乔纳森·泰勒·托马,1994,美国,动画
绿皮书,8.9,1464239人,去除成见，需要勇气。,彼得·法雷里PeterFarrelly,维果·莫腾森ViggoMortensen,2018,美国,剧情
搏击俱乐部,9.0,774012人,邪恶与平庸蛰伏于同一个母体，在特定的时间互相对峙。,大卫·芬奇DavidFincher,爱德华·诺顿EdwardNorton,1999,美国,剧情
饮食男女,9.2,553946人,人生不能像做菜，把所有的料都准备好了才下锅。,李安AngLee,郎雄SihungLung,1994,中国台湾,剧情
美丽心灵,9.1,699871人,爱是一切逻辑和原由。,朗·霍华德RonHoward,罗素·克劳RussellCrowe,2001,美国,传记
本杰明·巴顿奇事,9.0,898892人,在时间之河里感受溺水之苦。,大卫·芬奇DavidFincher,凯特·布兰切特CateBlanchett,2008,美国,剧情
窃听风暴,9.2,513186人,别样人生。,弗洛里安·亨克尔·冯·多纳斯马尔克FlorianHenckelvonDonnersmarck  &amp;n...<br,演职人员不详,2006,德国,剧情
情书,8.9,980033人,暗恋的极致。,岩井俊二ShunjiIwai,中山美穗MihoNakayama,1995,日本,剧情
穿条纹睡衣的男孩,9.2,496009人,尽管有些不切实际的幻想，这部电影依旧是一部感人肺腑的佳作。,马克·赫尔曼MarkHerman,阿萨·巴特菲尔德AsaButterfield,2008,英国,剧情
两杆大烟枪,9.1,547559人,4个臭皮匠顶个诸葛亮，盖·里奇果然不是盖的。,GuyRitchie,JasonFlemyng,1998,英国,剧情
西西里的美丽传说,8.9,889849人,美丽无罪。,朱塞佩·托纳多雷GiuseppeTornatore,莫妮卡·贝鲁奇Monica,2000,意大利,剧情
看不见的客人,8.8,1134553人,你以为你以为的就是你以为的。,奥里奥尔·保罗OriolPaulo,马里奥·卡萨斯MarioCasas,2016,西班牙,剧情
拯救大兵瑞恩,9.1,590157人,美利坚精神输出大片No1.,史蒂文·斯皮尔伯格StevenSpielberg,汤姆·汉克斯TomHanks,1998,美国,剧情
音乐之声,9.1,545911人,用音乐化解仇恨，让歌声串起美好。,罗伯特·怀斯RobertWise,朱莉·安德鲁斯JulieAndrews,1965,美国,剧情
飞越疯人院,9.1,508547人,自由万岁。,米洛斯·福尔曼MilošForman,杰克·尼科尔森JackNichols,1975,美国,剧情
小鞋子,9.2,371415人,奔跑的孩子是天使。,马基德·马基迪MajidMajidi,默罕默德·阿米尔·纳吉Mohamma,1997,伊朗,剧情
阿凡达,8.8,1265369人,绝对意义上的美轮美奂。,詹姆斯·卡梅隆JamesCameron,萨姆·沃辛顿SamWorthington,2009,美国,动作
哈利·波特与死亡圣器(下),8.9,739816人,10年的完美句点。,大卫·叶茨DavidYates,丹尼尔·雷德克里夫DanielRadcliffe,2011,美国,奇幻
沉默的羔羊,8.9,797037人,安东尼·霍普金斯的顶级表演。,乔纳森·戴米JonathanDemme,朱迪·福斯特JodieFoster,1991,美国,剧情
海豚湾,9.3,335781人,海豚的微笑，是世界上最高明的伪装。,路易·西霍尤斯LouiePsihoyos,RichardO'Barry,2009,美国,纪录片
致命魔术,8.9,781931人,孪生蝙蝠侠大战克隆金刚狼。,克里斯托弗·诺兰ChristopherNolan,休·杰克曼HughJackman,2006,英国,剧情
禁闭岛,8.8,877252人,昔日翩翩少年，今日大腹便便。,MartinScorsese,莱昂纳多·迪卡普里奥LeonardoDiCaprio,2010,美国,剧情
布达佩斯大饭店,8.9,831138人,小清新的故事里注入了大历史的情怀。,韦斯·安德森WesAnderson,拉尔夫·费因斯RalphFiennes,2014,美国,剧情
蝴蝶效应,8.8,852023人,人的命运被自己瞬间的抉择改变。,埃里克·布雷斯EricBress,演职人员不详,2004,美国,剧情
美国往事,9.2,376297人,往事如烟，无处祭奠。,赛尔乔·莱翁内SergioLeone,罗伯特·德尼罗RobertDeNiro,1984,美国,犯罪
心灵捕手,8.9,643955人,人生中应该拥有这样的一段豁然开朗。,格斯·范·桑特GusVanSant,马特·达蒙MattDamon,1997,美国,剧情
低俗小说,8.9,756992人,故事的高级讲法。,昆汀·塔伦蒂诺QuentinTarantino,约翰·特拉沃尔塔JohnTra,1994,美国,剧情
春光乍泄,9.0,571765人,爱情纠缠，男女一致。,王家卫KarWaiWong,张国荣LeslieCheung,1997,中国香港,剧情
摩登时代,9.3,269453人,大时代中的人生，小人物的悲喜。,查理·卓别林CharlesChaplin,查理·卓别林CharlesChaplin,1936,美国,剧情
七宗罪,8.8,870905人,警察抓小偷，老鼠玩死猫。,大卫·芬奇DavidFincher,摩根·弗里曼MorganFreeman,1995,美国,剧情
喜剧之王,8.8,876992人,我是一个演员。,周星驰StephenChow,周星驰StephenCh,1999,中国香港,喜剧
致命ID,8.8,739223人,最不可能的那个人永远是最可能的。,詹姆斯·曼高德JamesMangold,约翰·库萨克JohnCusack,2003,美国,剧情
杀人回忆,8.9,631062人,关于连环杀人悬案的集体回忆。,奉俊昊Joon-hoBong,宋康昊Kang-hoSong,2003,韩国,剧情
功夫,8.7,979375人,警恶惩奸，维护世界和平这个任务就交给你了，好吗？,周星驰StephenChow,周星驰StephenChow,2004,中国大陆,动作
哈利·波特与阿兹卡班的囚徒,8.9,628166人,不一样的导演，不一样的哈利·波特。,AlfonsoCuarón,丹尼尔·雷德克里夫DanielRadcliffe,2004,英国,奇幻
超脱,9.0,500292人,穷尽一生，我们要学会的，不过是彼此拥抱。,托尼·凯耶TonyKaye,艾德里安·布洛迪AdrienBrody,2011,美国,剧情
加勒比海盗,8.8,784058人,约翰尼·德普的独角戏。,戈尔·维宾斯基GoreVerbinski,约翰尼·德普JohnnyDepp,2003,美国,动作
被嫌弃的松子的一生,8.9,652797人,以戏谑来戏谑戏谑。,中岛哲也TetsuyaNakashima,中谷美纪MikiNakatani,2006,日本,剧情
红辣椒,9.0,402292人,梦的勾结。,今敏SatoshiKon,林原惠美MegumiHayashibara,2006,日本,动画
狩猎,9.1,346557人,人言可畏。,托马斯·温特伯格ThomasVinterberg,麦斯·米科尔森MadsMik,2012,丹麦,剧情
请以你的名字呼唤我,8.9,644885人,沉醉在电影的情感和视听氛围中无法自拔。,卢卡·瓜达尼诺LucaGuadagnino,艾米·汉莫ArmieHamme,2017,意大利,剧情
7号房的礼物,8.9,501498人,《我是山姆》的《美丽人生》。,李焕庆Hwan-kyeongLee,柳承龙Seung-yongRyoo,2013,韩国,剧情
剪刀手爱德华,8.7,967635人,浪漫忧郁的成人童话。,蒂姆·波顿TimBurton,约翰尼·德普JohnnyDepp,1990,美国,剧情
勇敢的心,8.9,525674人,史诗大片的典范。,梅尔·吉布森MelGibson,梅尔·吉布森MelGibson,1995,美国,动作
断背山,8.8,653797人,每个人心中都有一座断背山。,李安AngLee,希斯·莱杰HeathLedger,2005,美国,剧情
唐伯虎点秋香,8.7,970636人,华太师是黄霑，吴镇宇四大才子之一。,李力持Lik-ChiLee,周星驰StephenChow,1993,中国香港,喜剧
入殓师,8.9,603747人,死可能是一道门，逝去并不是终结，而是超越，走向下一程。,泷田洋二郎YôjirôTakita,本木雅弘MasahiroMotoki,2008,日本,剧情
第六感,8.9,504817人,深入内心的恐怖，出人意料的结局。,M·奈特·沙马兰M.NightShyamalan,布鲁斯·威利斯BruceWi,1999,美国,剧情
天使爱美丽,8.7,905605人,法式小清新。 ,让-皮埃尔·热内Jean-PierreJeunet,奥黛丽·塔图AudreyTau,2001,法国,剧情
哈利·波特与密室,8.8,654331人,魔法的密室之门已打开...,ChrisColumbus,丹尼尔·雷德克里夫DanielRadcliffe,2002,英国,奇幻
重庆森林,8.8,728811人,寂寞没有期限。,王家卫KarWaiWong,林青霞BrigitteLin,1994,中国香港,剧情
爱在黎明破晓前,8.8,599504人,缘分是个连绵词，最美不过一瞬。,理查德·林克莱特RichardLinklater,伊桑·霍克EthanHawke,1995,美国,剧情
一一,9.1,334839人,我们都曾经是一一。,杨德昌EdwardYang,吴念真,2000,中国台湾,剧情
幽灵公主,8.9,479662人,人与自然的战争史诗。,宫崎骏HayaoMiyazaki,松田洋治YôjiMatsuda,1997,日本,动画
蝙蝠侠：黑暗骑士崛起,8.8,656457人,诺兰就是保证。,克里斯托弗·诺兰ChristopherNolan,克里斯蒂安·贝尔Christ,2012,美国,剧情
小森林 夏秋篇,9.0,387935人,那些静得只能听见呼吸的日子里，你明白孤独即生活。,森淳一JunichiMori,桥本爱AiHashimoto,2014,日本,剧情
阳光灿烂的日子,8.8,561064人,一场华丽的意淫。,姜文WenJiang,夏雨YuXia,1994,中国大陆,剧情
菊次郎的夏天,8.9,535650人,从没见过那么流氓的温柔，从没见过那么温柔的流氓。,北野武TakeshiKitano,北野武TakeshiKitano,1999,日本,剧情
超能陆战队,8.7,919236人,Balalala~~~,唐·霍尔DonHall,斯科特,2014,美国,喜剧
完美的世界,9.1,278061人,坏人的好总是比好人的好来得更感人。,克林特·伊斯特伍德ClintEastwood,凯文·科斯特纳KevinCos,1993,美国,剧情
无人知晓,9.1,283048人,我的平常生活就是他人的幸福。,是枝裕和HirokazuKoreeda,柳乐优弥YûyaYagira,2004,日本,剧情
消失的爱人,8.7,840024人,年度最佳date movie。,大卫·芬奇DavidFincher,本·阿弗莱克BenAffleck,2014,美国,剧情
爱在日落黄昏时,8.9,494114人,九年后的重逢是世俗和责任的交叠，没了悸动和青涩，沧桑而温暖。,理查德·林克莱特RichardLinklater,伊桑·霍克EthanHawke,2004,美国,剧情
小森林 冬春篇,9.0,347055人,尊敬他人，尊敬你生活的这片土地，明白孤独是人生的常态。,森淳一JunichiMori,桥本爱AiHashimoto,2015,日本,剧情
借东西的小人阿莉埃蒂,8.9,498356人,曾经的那段美好会沉淀为一辈子的记忆。,米林宏昌HiromasaYonebayashi,志田未来MiraiShida,2010,日本,动画
倩女幽魂,8.8,668515人,两张绝世的脸。 ,程小东Siu-TungChing,张国荣LeslieCheung,1987,中国香港,爱情
甜蜜蜜,8.9,475709人,相逢只要一瞬间，等待却像是一辈子。,陈可辛PeterChan,黎明LeonLai,1996,中国香港,剧情
侧耳倾听,8.9,418391人,少女情怀总是诗。,近藤喜文YoshifumiKondo,本名阳子YoukoHonna,1995,日本,剧情
幸福终点站,8.8,511041人,有时候幸福需要等一等。 ,史蒂文·斯皮尔伯格StevenSpielberg,汤姆·汉克斯TomHanks,2004,美国,喜剧
时空恋旅人,8.8,584715人,把每天当作最后一天般珍惜度过，积极拥抱生活，就是幸福。,理查德·柯蒂斯RichardCurtis,多姆纳尔·格里森DomhnallGl,2013,英国,喜剧
驯龙高手,8.7,690708人,和谐的生活离不开摸头与被摸头。,迪恩·德布洛斯DeanDeBlois,演职人员不详,2010,美国,动画
萤火之森,8.9,478204人,触不到的恋人。,大森贵弘TakahiroOmori,佐仓绫音AyaneSakura,2011,日本,剧情
玛丽和马克思,8.9,395739人,你是我最好的朋友，你是我唯一的朋友 。,亚当·艾略特AdamElliot,托妮·科莱特ToniCollette,2009,澳大利亚,剧情
怪兽电力公司,8.8,602669人,不要给它起名字，起了名字就有感情了。,彼特·道格特PeteDocter,约,2001,美国,儿童
教父3,9.0,331813人,任何信念的力量，都无法改变命运。,弗朗西斯·福特·科波拉FrancisFordCoppola,阿尔·帕西诺A,1990,美国,剧情
一个叫欧维的男人决定去死,8.9,409973人,惠及一生的美丽。,汉内斯·赫尔姆HannesHolm,罗夫·拉斯加德RolfLassgård,2015,瑞典,剧情
大鱼,8.8,523221人,抱着梦想而活着的人是幸福的，怀抱梦想而死去的人是不朽的。,蒂姆·波顿TimBurton,伊万·麦克格雷格EwanMcGregor,2003,美国,剧情
告白,8.8,624582人,没有一人完全善，也没有一人完全恶。,中岛哲也TetsuyaNakashima,松隆子TakakoMatsu,2010,日本,剧情
玩具总动员3,8.9,463353人,跨度十五年的欢乐与泪水。,李·昂克里奇LeeUnkrich,汤姆·汉克斯TomHanks,2010,美国,喜剧
傲慢与偏见,8.7,718013人,爱是摈弃傲慢与偏见之后的曙光。,乔·怀特JoeWright,凯拉·奈特莉KeiraKnightley,2005,法国,剧情
神偷奶爸,8.6,870236人,Mr. I Don't Care其实也有Care的时候。,皮艾尔·柯芬PierreCoffin,演职人员不详,2010,美国,喜剧
寄生虫,8.8,1247507人,电影详细信息不详,奉俊昊Joon-hoBong,宋康昊Kang-hoSong,2019,韩国,剧情
釜山行,8.6,1085448人,揭露人性的丧尸题材力作。,延尚昊Sang-hoYeon,孔侑YooGong,2016,韩国,动作
阳光姐妹淘,8.8,554980人,再多各自牛逼的时光，也比不上一起傻逼的岁月。 ,姜炯哲Hyeong-CheolKang,沈恩京Eun-kyungShim,2011,韩国,剧情
射雕英雄传之东成西就,8.7,581149人,百看不厌。 ,刘镇伟JeffreyLau,梁朝伟TonyLeungChiuWai,1993,中国香港,喜剧
被解救的姜戈,8.8,552338人,热血沸腾，那个低俗、性感的无耻混蛋又来了。,昆汀·塔伦蒂诺QuentinTarantino,杰米·福克斯JamieFoxx,2012,美国,剧情
未麻的部屋,9.0,281715人,好的剧本是，就算你猜到了结局也猜不到全部。,今敏SatoshiKon,岩男润子JunkoIwao,1997,日本,动画
恐怖直播,8.7,593907人,恐怖分子的“秋菊打官司”。,金秉祐Byeong-wooKim,河正宇Jung-wooHa,2013,韩国,剧情
哪吒闹海,9.1,232239人,想你时你在闹海。,王树忱ShuchenWang,梁正晖Zhenghui,1979,中国大陆,冒险
我是山姆,9.0,303610人,爱并不需要智商 。,杰茜·尼尔森JessieNelson,SeanPenn,2001,美国,剧情
血战钢锯岭,8.7,723153人,优秀的战争片不会美化战场，不会粉饰死亡，不会矮化敌人，不会无视常识，最重要的，不会宣扬战争。,梅尔·吉布森MelGibson,安德鲁·加菲尔德AndrewGarfield,2016,澳大利亚,剧情
哈利·波特与火焰杯,8.7,569623人,电影详细信息不详,迈克·内威尔MikeNewell,丹尼尔·雷德克里夫DanielRadclif,2005,英国,悬疑
头号玩家,8.7,1248751人,写给影迷，动漫迷和游戏迷的一封情书。,史蒂文·斯皮尔伯格StevenSpielberg,泰伊·谢里丹TyeSheri,2018,美国,动作
新世界,8.9,357656人,要做就做得狠一点，这样才能活下去。,朴勋政Hoon-jungPark,李政宰Jung-JaeLee,2013,韩国,剧情
七武士,9.3,176808人,时代悲歌。,黑泽明AkiraKurosawa,三船敏郎ToshirôMifune,1954,日本,动作
模仿游戏,8.7,578879人,他给机器起名“克里斯托弗”，因为这是他初恋的名字。,莫滕·泰杜姆MortenTyldum,本尼迪克特·康伯巴奇BenedictC,2014,英国,剧情
喜宴,8.9,317282人,中国家庭的喜怒哀乐忍。,李安AngLee,赵文瑄WinstonChao,1993,中国台湾,剧情
黑客帝国3：矩阵革命,8.8,409938人,不得不说，《黑客帝国》系列是商业片与科幻、哲学完美结合的典范。,拉娜·沃卓斯基LanaWachowski,,2003,美国,动作
花样年华,8.7,536778人,偷情本没有这样美。,王家卫KarWaiWong,梁朝伟TonyLeungChiuWai,2000,中国香港,剧情
头脑特工队,8.8,548582人,愿我们都不用长大，每一座城堡都能永远存在。,彼特·道格特PeteDocter,演职人员不详,2015,美国,喜剧
电锯惊魂,8.7,479215人,真相就在眼前。,詹姆斯·温JamesWan,雷·沃纳尔LeighWhannell,2004,美国,悬疑
三块广告牌,8.7,754554人,怼天怼地，你走后，她与世界为敌。,马丁·麦克唐纳MartinMcDonagh,弗兰西斯·麦克多蒙德France,2017,美国,剧情
卢旺达饭店,8.9,295969人,当这个世界闭上双眼，他却敞开了怀抱。,特瑞·乔治TerryGeorge,唐·钱德尔DonCheadle,2004,英国,剧情
你的名字。,8.5,1261322人,穿越错位的时空，仰望陨落的星辰，你没留下你的名字，我却无法忘记那句“我爱你”。,新海诚MakotoShinkai,神木隆之介RyûnosukeKamiki,2016,日本,剧情
达拉斯买家俱乐部,8.8,414053人,Jared Leto的腿比女人还美！,让-马克·瓦雷Jean-MarcVallée,马修·麦康纳MatthewMcCon,2013,美国,剧情
疯狂原始人,8.7,773476人,老少皆宜，这就是好莱坞动画的魅力。,科克·德·米科KirkDeMicco,演职人员不详,2013,美国,喜剧
上帝之城,9.0,278166人,被上帝抛弃了的上帝之城。,费尔南多·梅里尔斯FernandoMeirelles,演职人员不详,2002,巴西,犯罪
谍影重重3,8.8,384833人,像吃了苏打饼一样干脆的电影。,保罗·格林格拉斯PaulGreengrass,马特·达蒙MattDamon,2007,美国,动作
英雄本色,8.6,481860人,英雄泪短，兄弟情长。 ,吴宇森JohnWoo,周润发Yun-FatChow,1986,中国香港,剧情
风之谷,8.9,329579人,动画片的圣经。,宫崎骏HayaoMiyazaki,岛本须美SumiShimamoto,1984,日本,动画
心迷宫,8.7,464883人,荒诞讽刺，千奇百巧，抽丝剥茧，百转千回。,忻钰坤YukunXin,霍卫民WeiminHuo,2014,中国大陆,剧情
惊魂记,9.0,249764人,故事的反转与反转，分裂电影的始祖。,阿尔弗雷德·希区柯克AlfredHitchcock,安东尼·博金斯Antho,1960,美国,悬疑
九品芝麻官,8.7,588475人,电影详细信息不详,王晶JingWong,周星驰StephenChow,1994,中国香港,剧情
纵横四海,8.8,380011人,香港浪漫主义警匪动作片的巅峰之作。,吴宇森JohnWoo,周润发Yun-FatChow,1991,中国香港,剧情
海街日记,8.8,398963人,是枝裕和的家庭习作。,是枝裕和HirokazuKoreeda,绫濑遥HarukaAyase,2015,日本,剧情
岁月神偷,8.7,538784人,岁月流逝，来日可追。,罗启锐AlexLaw,吴君如SandraNg,2010,中国香港,剧情
记忆碎片,8.7,555084人,一个针管引发的血案。,克里斯托弗·诺兰ChristopherNolan,盖·皮尔斯GuyPearce,2000,美国,犯罪
忠犬八公物语,9.2,175294人,养狗三日，便会对你终其一生。,SeijirôKôyama,山本圭KeiYamamoto,1987,日本,剧情
荒蛮故事,8.8,401258人,始于荒诞，止于更荒诞。,达米安·斯兹弗隆DamiánSzifron,达里奥·葛兰帝内提Darío,2014,阿根廷,剧情
爱在午夜降临前,8.8,347401人,所谓爱情，就是话唠一路，都不会心生腻烦，彼此嫌弃。,理查德·林克莱特RichardLinklater,伊桑·霍克EthanHawke,2013,美国,剧情
绿里奇迹,8.9,289462人,天使暂时离开。,FrankDarabont,汤姆·汉克斯TomHanks,1999,美国,犯罪
爆裂鼓手,8.7,523900人,这个世界从不善待努力的人，努力了也不一定会成功，但是知道自己在努力，就是活下去的动力。,达米恩·查泽雷DamienChazelle,迈尔斯·特勒MilesTelle,2014,美国,剧情
小偷家族,8.7,752463人,我们组成了家。,是枝裕和HirokazuKoreeda,中川雅也LilyFranky,2018,日本,剧情
贫民窟的百万富翁,8.6,690146人,上帝之城+猜火车+阿甘正传+开心辞典=山寨富翁,丹尼·鲍尔DannyBoyle,戴夫,2008,英国,剧情
色，戒,8.6,675228人,假戏真情，爱欲深海,李安AngLee,梁朝伟TonyLeungChiuWai,2007,中国台湾,剧情
真爱至上,8.6,670248人,爱，是个动词。,理查德·柯蒂斯RichardCurtis,休·格兰特HughGrant,2003,英国,喜剧
东邪西毒,8.6,531101人,电影诗。,王家卫KarWaiWong,张国荣LeslieCheung,1994,中国香港,剧情
无敌破坏王,8.7,486216人,迪士尼和皮克斯拿错剧本的产物。,瑞奇·莫尔RichMoore,约翰·C·赖利JohnC.Reilly,2012,美国,喜剧
疯狂的石头,8.5,740251人,中国版《两杆大烟枪》。,宁浩HaoNing,郭涛TaoGuo,2006,中国大陆,喜剧
冰川时代,8.6,561910人,松鼠才是角儿。,卡洛斯·沙尔丹哈CarlosSaldanha,演职人员不详,2002,美国,喜剧
雨中曲,9.1,195724人,骨灰级歌舞片。,斯坦利·多南StanleyDonen,吉恩·,1952,美国,喜剧
黑天鹅,8.6,733422人,黑暗之美。,达伦·阿罗诺夫斯基DarrenAronofsky,娜塔莉·波特曼Natalie,2010,美国,剧情
你看起来好像很好吃,8.9,304814人,感情不分食草或者食肉。,藤森雅也MasayaFujimori,山口胜平KappeiYamaguchi,2010,日本,剧情
恐怖游轮,8.5,759978人,不要企图在重复中寻找已经失去的爱。,克里斯托弗·史密斯ChristopherSmith,梅利莎·乔治Melissa,2009,英国,剧情
2001太空漫游,8.9,281028人,现代科幻电影的开山之作，最伟大导演的最伟大影片。,斯坦利·库布里克StanleyKubrick,凯尔·杜拉KeirDullea,1968,英国,科幻
雨人,8.7,372173人,生活在自己的世界里，也可以让周围的人显得可笑和渺小。,巴瑞·莱文森BarryLevinson,达斯汀·霍夫曼DustinHoffman,1988,美国,剧情
恋恋笔记本,8.6,608053人,爱情没有那么多借口，如果不能圆满，只能说明爱的不够。 ,尼克·卡索维茨NickCassavetes,瑞恩·高斯林RyanGosling,2004,美国,剧情
魔女宅急便,8.7,415535人,宫崎骏的电影总让人感觉世界是美好的，阳光明媚的。,宫崎骏HayaoMiyazaki,高山南MinamiTakayama,1989,日本,动画
茶馆,9.5,101254人,电影详细信息不详,谢添TianXie,于是之ShizhiYu,1982(中国大陆),中国大陆,剧情
遗愿清单,8.7,395430人,用剩余不多的时间，去燃烧整个生命。,罗伯·莱纳RobReiner,杰克·尼科尔森JackNicholson,2007,美国,冒险
城市之光,9.3,128528人,永远的小人物，伟大的卓别林。,CharlesChaplin,查理·卓别林CharlesChaplin,1931,美国,喜剧
萤火虫之墓,8.7,379174人,幸福是生生不息，却难以触及的远。 ,高畑勋IsaoTakahata,辰己努,1988,日本,动画
可可西里,8.9,272712人,坚硬的信仰。,陆川ChuanLu,多布杰Duobujie,2004,中国大陆,剧情
大佛普拉斯,8.7,397127人,人们可以登上月球，却永远无法探索人们内心的宇宙。,黄信尧Hsin-yaoHuang,庄益增YizengZhuang,2017,中国台湾,剧情
无间道2,8.7,411930人,电影详细信息不详,刘伟强,陈冠希,2003,中国香港,剧情
牯岭街少年杀人事件,8.9,253509人,弱者送给弱者的一刀。,杨德昌EdwardYang,张震ChenChang,1991,中国台湾,剧情
虎口脱险,8.9,228202人,永远看不腻的喜剧。,杰拉尔·乌里GérardOury,路易·德·菲耐斯LouisdeFunès,1966,法国,喜剧
源代码,8.5,767183人,邓肯·琼斯继《月球》之后再度奉献出一部精彩绝伦的科幻佳作。,邓肯·琼斯DuncanJones,杰克·吉伦哈尔JakeGyllenhaal,2011,美国,科幻
人工智能,8.7,403322人,对爱的执着，可以超越一切。,史蒂文·斯皮尔伯格StevenSpielberg,海利·乔·奥斯蒙Haley,2001,美国,剧情
初恋这件小事,8.5,916829人,黑小鸭速效美白记。,普特鹏·普罗萨卡·那·萨克那卡林PuttipongPromsakaNaSakolnakorn,演职人员不详,2010,泰国,剧情
海边的曼彻斯特,8.6,457805人,我们都有权利不与自己的过去和解。,肯尼斯·罗纳根KennethLonergan,卡西·阿弗莱克CaseyAffle,2016,美国,剧情
背靠背，脸对脸,9.5,103029人,电影详细信息不详,黄建新JianxinHuang,牛振华ZhenhuaN,1994,中国大陆,剧情
东京教父,9.0,186785人,电影详细信息不详,今敏SatoshiKon,江守彻ToruEmori,2003,日本,剧情
罗生门,8.8,283410人,人生的N种可能性。,黑泽明AkiraKurosawa,三船敏郎ToshirôMifune,1950,日本,剧情
小丑,8.7,914236人,电影详细信息不详,托德·菲利普斯ToddPhillips,杰昆·菲尼克斯JoaquinPhoeni,2019,美国,剧情
终结者2：审判日,8.8,312283人,少见的超越首部的续集，动作片中的经典。,詹姆斯·卡梅隆JamesCameron,阿诺·施瓦辛格ArnoldSchwarz,1991,美国,动作
青蛇,8.6,474483人,人生如此，浮生如斯。谁人言，花彼岸，此生情长意短。谁都是不懂爱的罢了。,徐克HarkTsui,张曼玉MaggieCheung,1993,中国香港,剧情
奇迹男孩,8.6,513125人,世界不完美，爱会有奇迹。,斯蒂芬·卓博斯基StephenChbosky,雅各布·特伦布莱JacobT,2017,美国,剧情
二十二,8.7,272851人,有一些东西不应该被遗忘。,郭柯KeGuo,演职人员不详,2015,中国大陆,纪录片
波西米亚狂想曲,8.6,542418人,电影详细信息不详,布莱恩·辛格BryanSinger,拉米·马雷克RamiMalek,2018,英国,剧情
房间,8.8,345867人,被偷走的岁月，被伤害的生命，被禁锢的灵魂，终将被希望和善意救赎。,伦尼·阿伯拉罕森LennyAbrahamson,布丽·拉尔森BrieLarson,2015,爱尔兰,剧情
疯狂的麦克斯4：狂暴之路,8.6,478505人,“多么美好的一天！”轰轰轰砰咚，啪哒哒哒轰隆隆，磅~,乔治·米勒GeorgeMiller,汤姆·哈迪TomHardy,2015,澳大利亚,动作
新龙门客栈,8.6,401695人,嬉笑怒骂，调风动月。,李惠民RaymondLee,张曼玉MaggieCheung,1992,中国香港,动作
无耻混蛋,8.6,431536人,昆汀同学越来越变态了，比北野武还杜琪峰。,QuentinTarantino,布拉德·皮特BradPitt,2009,德国,剧情
魂断蓝桥,8.8,252795人,中国式内在的美国电影。,茂文·勒鲁瓦MervynLeRoy,费雯·丽VivienLeigh,1940,美国,剧情
血钻,8.7,342283人,每个美丽事物背后都是滴血的现实。,爱德华·兹威克EdwardZwick,莱昂纳多·迪卡普里奥Leonardo,2006,美国,剧情
千钧一发,8.8,258022人,一部能引人思考的科幻励志片。,安德鲁·尼科尔AndrewNiccol,伊桑·霍克EthanHawke,1997,美国,剧情
步履不停,8.8,250856人,日本的家庭电影已经是世界巅峰了，步履不停是巅峰中的佳作。,是枝裕和HirokazuKoreeda,阿部宽HiroshiAbe,2008,日本,剧情
黑客帝国2：重装上阵,8.7,371116人,一个精彩的世界观正在缓缓建立。,拉娜·沃卓斯基LanaWachowski,,2003,美国,动作
彗星来的那一夜,8.5,504724人,小成本大魅力。,詹姆斯·沃德·布柯特JamesWardByrkit,艾米丽·芭尔多尼Em,2013,美国,科幻
战争之王,8.7,330497人,做一颗让别人需要你的棋子。,安德鲁·尼科尔AndrewNiccol,尼古拉斯·凯奇NicolasCage,2005,法国,剧情
崖上的波妞,8.6,432852人,电影详细信息不详,宫崎骏HayaoMiyazaki,奈良柚莉爱YuriaNara,2008,日本,动画
心灵奇旅,8.7,857307人,电影详细信息不详,彼特·道格特PeteDocter,杰米·,2020,美国,动画
爱乐之城,8.4,789586人,电影详细信息不详,达米恩·查泽雷DamienChazelle,瑞恩·高斯林RyanGosling,2016,美国,剧情
谍影重重2,8.7,322727人,谁说王家卫镜头很晃？,保罗·格林格拉斯PaulGreengrass,马特·达蒙MattDamon,2004,美国,动作
燃情岁月,8.8,264072人,传奇，不是每个人都可以拥有。,爱德华·兹威克EdwardZwick,布拉德·皮特BradPitt,1994,美国,剧情
阿飞正传,8.5,459808人,王家卫是一种风格，张国荣是一个代表。,王家卫KarWaiWong,张国荣LeslieCheung,1990,中国香港,犯罪
海洋,9.1,149010人,大海啊，不全是水。,雅克·贝汉JacquesPerrin,演职人员不详,2009,法国,纪录片
谍影重重,8.6,387828人,哗啦啦啦啦，天在下雨，哗啦啦啦啦，云在哭泣……找自己。,道格·里曼DougLiman,马特·达蒙MattDamon,2002,美国,动作
再次出发之纽约遇见你,8.6,392329人,爱我就给我看你的播放列表。,约翰·卡尼JohnCarney,凯拉·奈特莉KeiraKnightley,2013,美国,喜剧
穿越时空的少女,8.6,352661人,爱上未来的你。 ,细田守MamoruHosoda,仲里依纱RiisaNaka,2006,日本,剧情
火星救援,8.5,647644人,电影详细信息不详,雷德利·斯科特RidleyScott,马特·达蒙MattDamon,2015,英国,剧情
香水,8.5,505670人,一个单凭体香达到高潮的男人。,汤姆·提克威TomTykwer,本·卫肖BenWhishaw,2006,德国,剧情
朗读者,8.6,425734人,当爱情跨越年龄的界限，它似乎能变得更久远一点，成为一种责任，一种水到渠成的相濡以沫。 ,史蒂芬·戴德利StephenDaldry,凯特·温丝莱特KateWinslet,2008,美国,剧情
末路狂花,8.9,211077人,没有了退路，只好飞向自由。,雷德利·斯科特RidleyScott,吉娜·戴维斯GeenaDavis,1991,美国,犯罪
地球上的星星,8.9,188366人,天使保护事件始末。,阿米尔·汗AamirKhan,达席尔·萨法瑞DarsheelSafary,2007,印度,剧情
我爱你,9.1,151058人,你要相信，这世上真的有爱存在，不管在什么年纪 ,秋昌民Chang-minChoo,宋在河Jae-hoSong,2011,韩国,剧情
完美陌生人,8.5,488144人,来啊，互相伤害啊！,保罗·格诺维瑟PaoloGenovese,马可·贾利尼MarcoGiallini,2016,意大利,剧情
千年女优,8.8,225656人,爱情是一场没有尽头的虚幻追逐。,今敏SatoshiKon,庄司美代子MiyokoShôji,2001,日本,动画
驴得水,8.3,847334人,过去的如果就让它过去了，未来只会越来越糟！,周申ShenZhou,任素汐SuxiRen,2016,中国大陆,剧情
聚焦,8.8,253223人,新闻人的理性求真。,托马斯·麦卡锡ThomasMcCarthy,马克·鲁弗洛MarkRuffalo,2015,美国,剧情
浪潮,8.7,253028人,世界离独裁只有五天。,丹尼斯·甘塞尔DennisGansel,尤尔根·沃格尔JürgenVogel,2008,德国,剧情
